"name","description",latitude,longitude
"1","1330 S HOMAN AVE",41.863796,-87.710637
"10","38 W I190 EXPY",41.983765,-87.846264
"100","5559 S EMERALD AVE",41.792868,-87.643725
"1001","5534 S ST LOUIS AVE",41.792785,-87.711061
"1003","432 W 83RD ST",41.743609,-87.634348
"1004","8301 S KERFOOT AVE",41.743084,-87.641621
"1005","10302 S DOTY AVE E",41.70114,-87.594149
"1006","10301 S DOTY AVE E",41.706685,-87.584163
"1007","1459 N CALIFORNIA AVE",41.907606,-87.69685
"1008","2127 S MARSHALL BLVD",41.853154,-87.698936
"1009","1601 N CALIFORNIA AVE",41.910266,-87.696941
"101","1101 W ARGYLE ST",41.973183,-87.657708
"1010","831 E 63RD ST",41.780277,-87.605158
"1011","8302 S BIRKHOFF AVE",41.743054,-87.640588
"1013","7860 S HALSTED ST",41.751415,-87.644231
"1016","6401 S INGLESIDE AVE",41.778628,-87.601443
"1017","5440 W MADISON ST",41.880417,-87.761678
"1018","5232 W MADISON ST",41.880492,-87.756434
"1019","5259 W WASHINGTON BLVD",41.882217,-87.756831
"102","1084 W THORNDALE AVE",41.990146,-87.657723
"1020","7800 S DR MARTIN LUTHER KING JR DR",41.752766,-87.615159
"1021","8300 S HALSTED ST",41.743306,-87.643894
"1022","5331 W MADISON ST",41.880193,-87.759006
"1023","7900 S VERNON AVE",41.750922,-87.613894
"1024","3633 W LAWRENCE AVE",41.968241,-87.719621
"1026","401 E 79TH ST",41.751052,-87.614864
"1027","5159 W WASHINGTON BLVD",41.881549,-87.754415
"1029","2800 W ROSEMONT AVE",41.995837,-87.699729
"103","1428 W 79TH ST",41.750559,-87.659563
"1030","5200 W MADISON ST",41.880469,-87.755215
"1031","7801 S EBERHART AVE",41.752775,-87.612354
"1032","458 E 79TH ST",41.751263,-87.613213
"1033","1000 N LARRABEE ST",41.900513,-87.643205
"1034","2400 N SHEFFIELD AVE",41.925498,-87.653723
"1035","1739 S HALSTED ST",41.857995,-87.646531
"1036","959 W WEED ST",41.90967,-87.65224
"1037","802 E 47TH ST",41.809666,-87.606259
"1038","6101 S KARLOV AVE",41.782076,-87.725103
"1039","1358 W JACKSON BLVD",41.877872,-87.661203
"104","6959 S WINCHESTER AVE",41.767555,-87.672197
"1040","101 N PINE AVE",41.88249,-87.763076
"1041","4300 W 79TH ST",41.749576,-87.729615
"1043","4759 N SHERIDAN RD",41.968583,-87.654629
"1044","4902 W DEMING PL",41.927092,-87.749202
"1045","8109 S GREEN ST",41.74666,-87.64494
"1046","8801 S MUSKEGON AVE",41.735314,-87.555335
"1047","11001 S THROOP ST",41.693905,-87.654442
"1048","4952 W DEMING PL",41.927084,-87.750174
"1049","8128 S EMERALD AVE",41.746506,-87.642852
"105","4401 W WEST END AVE",41.883154,-87.73568
"1050","843 W 27TH ST",41.844324,-87.647857
"1051","11531 S CHURCH ST",41.683899,-87.669303
"1052","3763 W LAWRENCE AVE",41.968166,-87.722467
"1053","2732 W DEVON AVE",41.997711,-87.698604
"1055","1253 W 109TH ST",41.69573,-87.653475
"1057","7801 S VERNON AVE",41.752764,-87.613583
"1058","2732 W ROSEMONT AVE",41.995866,-87.698517
"106","6800 S JUSTINE ST",41.770187,-87.662932
"1061","409 W EVERGREEN AVE",41.906378,-87.638721
"1062","3559 W LAWRENCE AVE",41.968221,-87.717511
"1067","8501 S MUSKEGON AVE",41.740784,-87.554945
"1069","4000 W LAWRENCE AVE",41.968322,-87.7282
"107","9559 S AVENUE L",41.71853,-87.530679
"1070","11651 S CHURCH ST",41.68252,-87.670066
"1071","5359 W WASHINGTON BLVD",41.882181,-87.759403
"1073","5120 N HAMLIN AVE",41.973879,-87.723405
"1074","2200 W 23RD PL",41.849501,-87.680909
"1075","3132 W LAWRENCE AVE",41.968533,-87.707353
"1076","2000 W 21ST PL",41.85323,-87.676109
"1079","7300 S WOOD ST",41.761022,-87.668744
"108","9801 S MUSKEGON AVE",41.717081,-87.554974
"1080","7800 S ABERDEEN ST",41.752151,-87.651535
"1081","7200 S WINCHESTER AVE",41.762791,-87.672425
"1082","6600 S SANGAMON ST",41.774022,-87.648444
"1084","11552 S PRAIRIE AVE",41.683717,-87.616937
"1087","142 W 102ND ST",41.70907,-87.627431
"1088","10200 S STATE ST",41.708871,-87.623662
"109","460 N LECLAIRE AVE",41.888706,-87.753095
"1091","11100 S VERNON AVE",41.692664,-87.612257
"1092","10500 S STATE ST",41.703174,-87.623582
"11","4800 W VAN BUREN ST",41.87512,-87.7455
"110","13358 S BRANDON AVE",41.652631,-87.546083
"111","10701 S HOXIE AVE",41.700764,-87.560576
"112","5459 S DAMEN AVE",41.794708,-87.674136
"113","4800 W CHICAGO AVE",41.895054,-87.745879
"114","4035 W ARMITAGE AVE",41.917043,-87.727961
"115","7900 S ESSEX AVE",41.751388,-87.563962
"116","35 W 23RD ST",41.85078,-87.646449
"117","4800 S DREXEL BLVD",41.80755,-87.604487
"118","5245 S DREXEL AVE",41.800156,-87.603753
"119","5958 N CALIFORNIA AVE",41.989608,-87.699547
"12","1823 E 79TH ST",41.75151,-87.579967
"120","6358 N CLARK ST",41.997605,-87.670736
"121","1700 N MAYFIELD AVE",41.911285,-87.772917
"122","5451 W ADAMS ST",41.878257,-87.760514
"123","5001 W MADISON ST",41.880321,-87.750435
"124","1627 N CICERO AVE",41.910567,-87.745854
"125","2125 W MAYPOLE AVE",41.883809,-87.679879
"126","7463 S COLFAX AVE",41.759814,-87.56175
"127","8100 S MANISTEE AVE",41.748013,-87.557837
"128","7900 S MARQUETTE AVE",41.751641,-87.559117
"129","1801 S HARDING AVE",41.85684,-87.723462
"13","5300 W CHICAGO AVE",41.894966,-87.758112
"130","4757 S BISHOP ST",41.807629,-87.661107
"131","2701 W FRANCIS PL",41.919167,-87.694267
"133","3902 W WILCOX ST",41.87903,-87.723448
"134","200 S LAVERGNE AVE",41.878417,-87.749429
"135","100 S LAVERGNE AVE",41.87934,-87.749441
"136","4703 W OHIO ST",41.891378,-87.743227
"137","4432 W 81ST ST",41.745784,-87.732508
"138","4233 W 65TH ST",41.774815,-87.728303
"139","2400 S SACRAMENTO AVE",41.848012,-87.700395
"14","1914 S PULASKI RD",41.854536,-87.724976
"140","3301 S OAKLEY AVE",41.833756,-87.682542
"142","4259 W WILCOX ST",41.878654,-87.731883
"143","2401 S CALIFORNIA AVE",41.84774,-87.695155
"144","2700 W 36TH ST",41.82845,-87.692542
"145","3158 W 38TH ST",41.824564,-87.703393
"146","2161 W 32ND ST",41.835619,-87.679447
"147","2659 W 25TH ST",41.846368,-87.691799
"148","5059 W WASHINGTON BLVD",41.881613,-87.751621
"149","5059 W HURON ST",41.89296,-87.752011
"15","3700 W MC LEAN AVE",41.918301,-87.719477
"150","2824 W 21ST ST",41.853863,-87.696594
"152","4201 S CAMPBELL AVE",41.817289,-87.686975
"153","4831 W WEST END AVE",41.882989,-87.746066
"154","2300 N LOREL AVE",41.922437,-87.759935
"155","4959 W CHICAGO AVE",41.894824,-87.749847
"156","1833 S WOOD ST",41.856688,-87.670904
"157","2259 W 19TH ST",41.855623,-87.682231
"158","2159 W 21ST ST",41.853823,-87.679726
"159","1824 S DAMEN AVE",41.856952,-87.676144
"16","2702 W 38TH ST",41.82479,-87.692513
"160","1958 S CARPENTER ST",41.855591,-87.65331
"161","1624 S DESPLAINES ST",41.859493,-87.643084
"162","500 N AVERS AVE",41.890087,-87.722424
"163","3731 W ROOSEVELT RD",41.866139,-87.71833
"164","7201 S ABERDEEN ST",41.763075,-87.651444
"165","163 W CERMAK RD",41.852654,-87.631452
"166","2331 S WENTWORTH AVE",41.849961,-87.631839
"167","4900 S KILBOURN AVE",41.803813,-87.735871
"168","6959 S BISHOP ST",41.76755,-87.66007
"169","6759 S MAY ST",41.771298,-87.652874
"17","5300 W MONROE ST",41.879479,-87.75807
"170","359 W 79TH ST",41.75069,-87.633517
"171","7501 S STEWART AVE",41.757885,-87.634284
"172","6759 S GREEN ST",41.7714,-87.6456
"173","7159 S HERMITAGE AVE",41.763842,-87.667244
"174","1479 W 72ND PL",41.762083,-87.661481
"175","6700 S KILDARE AVE",41.771082,-87.730054
"176","4400 W 55TH ST",41.79321,-87.733093
"177","6759 S CLAREMONT AVE",41.770949,-87.681921
"178","6401 S KILBOURN AVE",41.776584,-87.734795
"179","4346 W 57TH ST",41.78968,-87.73197
"18","5902 S UNION AVE",41.786803,-87.642713
"181","6947 S HAMLIN AVE",41.766648,-87.717363
"182","3202 S MORGAN ST",41.836001,-87.651234
"183","3701 S WOOD ST",41.826605,-87.670122
"184","958 W BELMONT AVE",41.940015,-87.653407
"186","3459 W 13TH PL",41.86397,-87.711858
"187","3901 W POLK ST",41.870612,-87.723124
"188","648 S PULASKI RD",41.872705,-87.725587
"189","3059 W CERMAK RD",41.851681,-87.702089
"19","400 S LOTUS AVE",41.87466,-87.761702
"190","4202 W CERMAK RD",41.851701,-87.729867
"191","653 N LEAMINGTON AVE",41.8922,-87.754075
"192","125 N LARAMIE AVE",41.883208,-87.755004
"193","4402 W WASHINGTON BLVD",41.882081,-87.735798
"194","3334 W WALNUT ST",41.88549,-87.709372
"196","4300 W WEST END AVE",41.88337,-87.73325
"197","4300 W MAYPOLE AVE",41.884671,-87.733272
"198","3302 W DIVISION ST",41.902815,-87.709256
"2","8700 S EXCHANGE AVE",41.737169,-87.552963
"20","3101 W 39TH PL",41.821619,-87.70229
"200","5558 S LOOMIS BLVD",41.792907,-87.659881
"201","2458 W DIVISION ST",41.903126,-87.688781
"2010","320 E NORTH WATER ST",41.889598,-87.619545
"2011","500 W ADAMS ST",41.879432,-87.639763
"2012","40 W ADAMS ST",41.879602,-87.628936
"2013","300 W ADAMS ST",41.879478,-87.635396
"2014","800 W ADAMS ST",41.879306,-87.64741
"2015","150 W ADAMS ST",41.879512,-87.632434
"2016","425 W ADAMS ST",41.879159,-87.638917
"2017","45 E ADAMS ST",41.87938,-87.626376
"2018","345 W ADAMS ST",41.879237,-87.6364
"2019","1900 W ADAMS ST",41.878856,-87.674301
"2020","398 E BALBO DR",41.873326,-87.617351
"2021","198 E BELLEVUE PL",41.901758,-87.624653
"2022","320 N HALSTED ST",41.887605,-87.647664
"2023","240 E CHESTNUT ST",41.898558,-87.620365
"2024","300 W CHESTNUT ST",41.8983,-87.635924
"2025","450 W CHESTNUT ST",41.898242,-87.640393
"2026","120 W CHESTNUT ST",41.898109,-87.631679
"2027","300 W CHESTNUT ST",41.8983,-87.635924
"2028","50 E CHESTNUT ST",41.898471,-87.626127
"2029","200 E CHESTNUT ST",41.898493,-87.621735
"203","9659 S MICHIGAN AVE",41.718867,-87.620336
"2030","1 E CHESTNUT ST",41.898195,-87.62808
"2031","100 W CHICAGO AVE",41.896722,-87.631344
"2032","300 W CHICAGO AVE",41.896653,-87.635927
"2033","800 W CHICAGO AVE",41.896458,-87.647824
"2034","435 W CHICAGO AVE",41.896385,-87.640252
"2035","400 E CHICAGO RIVER",41.89687,-87.617099
"2036","600 W CHICAGO AVE",41.896568,-87.642841
"2037","800 N MICHIGAN AVE",41.896831,-87.624939
"2038","300 W CHICAGO AVE",41.896653,-87.635927
"2039","100 E CHICAGO AVE",41.89678,-87.625442
"204","259 S OAKLEY BLVD",41.878016,-87.683707
"2040","400 W CHICAGO AVE",41.896628,-87.638786
"2041","1 W CHICAGO AVE",41.896641,-87.628287
"2042","200 W CHICAGO AVE",41.896711,-87.634361
"2043","300 N CLARK ST",41.887915,-87.631189
"2044","300 N DEARBORN ST",41.887923,-87.629693
"2045","275 N LA SALLE ST",41.886663,-87.632348
"2046","400 E CHICAGO RIVER",41.89687,-87.617099
"2047","375 N MICHIGAN AVE",41.888008,-87.624362
"2048","300 N ORLEANS ST",41.887964,-87.636411
"2049","250 N STATE ST",41.886347,-87.628024
"205","2357 W DIVISION ST",41.902891,-87.685911
"2050","355 N LOWER COLUMBUS DR",41.887456,-87.62059
"2051","298 N LOWER COLUMBUS DR",41.88669,-87.620741
"2052","298 N LOWER COLUMBUS DR",41.88669,-87.620741
"2053","298 N LOWER COLUMBUS DR",41.88669,-87.620741
"2054","298 E CONGRESS DR",41.87591,-87.620589
"2055","500 S COLUMBUS DR",41.876764,-87.620811
"2056","100 E CONGRESS DR",41.875922,-87.623237
"2057","1 W CONGRESS PKWY",41.875534,-87.627698
"2058","195 W CONGRESS PKWY",41.875424,-87.633496
"2059","245 E DELAWARE PL",41.899189,-87.620032
"2060","275 E DELAWARE PL",41.89915,-87.619403
"2061","145 E DELAWARE PL",41.899075,-87.624323
"2062","200 E DELAWARE PL",41.899372,-87.621668
"2063","50 E DELAWARE PL",41.899361,-87.626584
"2064","100 W DIVISION ST",41.903993,-87.631607
"2065","800 W DIVISION ST",41.90367,-87.648166
"2066","600 W DIVISION ST",41.903756,-87.643244
"2067","95 E DIVISION ST",41.90398,-87.625112
"2068","200 W DIVISION ST",41.90396,-87.634688
"2069","130 W ELM ST",41.903265,-87.632132
"2070","1 W ELM ST",41.903072,-87.628807
"2071","40 W ERIE ST",41.894146,-87.629887
"2072","658 N ORLEANS ST",41.894089,-87.637285
"2073","135 W ERIE ST",41.893897,-87.632457
"2074","490 E ERIE ST",41.89441,-87.615574
"2075","135 E ERIE ST",41.894007,-87.623985
"208","4754 S UNION AVE",41.807628,-87.643236
"209","4033 S CALIFORNIA AVE",41.820324,-87.694385
"21","6712 N BOSWORTH AVE",42.00394,-87.669504
"210","3326 W CERMAK RD",41.851854,-87.708663
"2108","200 W 95TH ST",41.721839,-87.628862
"2109","200 W 95TH ST",41.721839,-87.628862
"211","9331 S HARVARD AVE",41.725453,-87.631715
"2110","200 W 95TH ST",41.721839,-87.628862
"2111","10768 S BENSLEY AVE",41.699752,-87.563356
"2112","10768 S BENSLEY AVE",41.699752,-87.563356
"2113","10768 S BENSLEY AVE",41.699752,-87.563356
"2114","3801 S PRINCETON AVE",41.825024,-87.633674
"2115","3801 S PRINCETON AVE",41.825024,-87.633674
"2116","3741 S PRINCETON AVE",41.826263,-87.633719
"2117","258 E 38TH ST",41.82559,-87.620419
"2118","260 W 38TH ST",41.825301,-87.633369
"2119","3752 S WELLS ST",41.8273,-87.632629
"212","402 E 51ST ST",41.802171,-87.616541
"2120","3800 S WELLS ST",41.82363,-87.632539
"2121","3803 S PRINCETON AVE",41.824948,-87.633595
"2122","3803 S PRINCETON AVE",41.824948,-87.633595
"2123","6400 N SHERIDAN RD",41.9992,-87.660825
"2124","6400 N SHERIDAN RD",41.9992,-87.660825
"2125","6400 N SHERIDAN RD",41.9992,-87.660825
"2126","4800 S WABASH AVE",41.80724,-87.624566
"2127","4800 S WABASH AVE",41.80724,-87.624566
"2128","4800 S WABASH AVE",41.80724,-87.624566
"2129","4800 S WABASH AVE",41.80724,-87.624566
"213","5600 S ROCKWELL ST",41.79175,-87.689053
"2130","4800 S WABASH AVE",41.80724,-87.624566
"2131","4800 S WABASH AVE",41.80724,-87.624566
"2132","4800 S WABASH AVE",41.80724,-87.624566
"2133","3189 S LITUANICA AVE",41.836598,-87.648465
"214","5932 N GLENWOOD AVE",41.99002,-87.665148
"215","6661 N CLARK ST",42.003042,-87.672144
"216","2002 W FOSTER AVE",41.976157,-87.679579
"218","3757 W 63RD ST",41.778613,-87.716757
"219","1730 W MONTEREY AVE",41.690536,-87.665616
"22","5558 S CICERO AVE",41.792034,-87.74187
"220","920 E 103RD ST",41.707665,-87.600918
"2200","400 W ERIE ST",41.894068,-87.638694
"2201","35 E ERIE ST",41.894005,-87.626902
"2202","300 N CLINTON ST",41.886939,-87.641522
"2203","300 N DESPLAINES ST",41.887048,-87.644437
"2204","100 W GRAND AVE",41.891727,-87.631292
"2205","40 W GRAND AVE",41.891761,-87.629398
"2206","635 W GRAND AVE",41.891046,-87.64492
"2207","800 W GRAND AVE",41.891247,-87.647703
"2208","440 W GRAND AVE",41.891622,-87.640121
"2209","125 E GRAND AVE",41.891599,-87.624425
"221","3900 S DR MARTIN LUTHER KING JR DR",41.823626,-87.617401
"2210","335 W GRAND AVE",41.891429,-87.636933
"2211","100 E GRAND AVE",41.891805,-87.62521
"2212","220 E GRAND AVE",41.891905,-87.622022
"2213","1 W GRAND AVE",41.891545,-87.628249
"2214","695 E GRAND AVE",41.891986,-87.609192
"2215","500 W GRAND AVE",41.891451,-87.64165
"2216","200 W GRAND AVE",41.891683,-87.634234
"2217","125 E GRAND AVE",41.891599,-87.624425
"2218","500 W HARRISON ST",41.874446,-87.639804
"2219","700 W HARRISON ST",41.874489,-87.644127
"222","350 E 31ST ST",41.838472,-87.618114
"2220","150 W HARRISON ST",41.874623,-87.631503
"2221","300 W HARRISON ST",41.874527,-87.635125
"2222","800 W HARRISON ST",41.874507,-87.647377
"2223","200 W HARRISON ST",41.874581,-87.633765
"2224","1100 N WELLS ST",41.902203,-87.634512
"2225","1050 N HALSTED ST",41.900831,-87.648131
"2226","100 W HUBBARD ST",41.890134,-87.631254
"2227","340 W HUBBARD ST",41.89006,-87.637232
"2228","1 W HUBBARD ST",41.889958,-87.628214
"2229","700 W HUBBARD ST",41.890196,-87.646066
"223","4831 W ARMITAGE AVE",41.916771,-87.747698
"2230","700 N CLARK ST",41.894943,-87.631301
"2231","40 W HURON ST",41.894967,-87.62955
"2232","435 W HURON ST",41.894579,-87.640195
"2233","300 W HURON ST",41.894867,-87.635832
"2234","100 E HURON ST",41.895021,-87.62528
"2235","200 E HURON ST",41.895108,-87.622507
"2236","1 E HURON ST",41.89477,-87.627964
"2237","200 W HURON ST",41.894883,-87.634315
"2238","300 E ILLINOIS ST",41.891049,-87.620155
"2239","40 W ILLINOIS ST",41.890956,-87.629431
"224","4425 W ARMITAGE AVE",41.916869,-87.737255
"2240","300 W ILLINOIS ST",41.890863,-87.635719
"2241","135 W ILLINOIS ST",41.890694,-87.632402
"2242","400 E ILLINOIS ST",41.89121,-87.617407
"2243","137 E ILLINOIS ST",41.890813,-87.623941
"2244","500 E ILLINOIS ST",41.891205,-87.613805
"2245","35 E ILLINOIS ST",41.890745,-87.627126
"2246","500 W JACKSON BLVD",41.878152,-87.639723
"2247","100 W JACKSON BLVD",41.87823,-87.63089
"2248","300 E JACKSON DR",41.878388,-87.620675
"2249","40 W JACKSON BLVD",41.878246,-87.628828
"225","5002 S ARCHER AVE",41.802315,-87.723746
"2250","150 W JACKSON BLVD",41.878192,-87.632331
"2251","300 W JACKSON BLVD",41.878388,-87.620675
"2252","800 W JACKSON BLVD",41.878026,-87.647384
"2253","150 W JACKSON BLVD",41.878192,-87.632331
"2254","300 S LAKE SHORE DR SB",41.878263,-87.617566
"2255","300 S MICHIGAN AVE",41.878132,-87.624544
"2256","350 W JACKSON BLVD",41.87847,-87.619083
"2257","200 W JACKSON BLVD",41.878211,-87.633925
"2258","350 N HALSTED ST",41.888091,-87.647664
"2259","40 W KINZIE ST",41.889336,-87.629388
"226","1600 S SPAULDING AVE",41.85886,-87.708052
"2260","410 N DESPLAINES ST",41.889358,-87.644474
"2261","300 W KINZIE ST",41.889217,-87.635672
"2262","390 W KINZIE ST",41.889235,-87.637748
"2263","400 N LA SALLE DR",41.889295,-87.632654
"2264","340 W KINZIE ST",41.889192,-87.637111
"2265","200 W KINZIE ST",41.88919,-87.634045
"2266","500 W LAKE ST",41.885774,-87.639903
"2267","100 W LAKE ST",41.885851,-87.631144
"2268","635 W LAKE ST",41.885557,-87.643929
"2269","800 W LAKE ST",41.885756,-87.647624
"227","201 S KEDZIE AVE",41.878277,-87.705914
"2270","600 W LAKE ST",41.885804,-87.642918
"2271","100 E LAKE ST",41.885824,-87.624439
"2272","340 W LAKE ST",41.885859,-87.636265
"2273","200 W LAKE ST",41.885796,-87.634054
"2274","1 W LAKE ST",41.885654,-87.628134
"2275","500 S LAKE SHORE DR SB",41.875041,-87.617465
"2276","100 W MADISON ST",41.882025,-87.630959
"2277","550 W MADISON ST",41.881992,-87.641528
"2278","2000 W MADISON ST",41.881352,-87.676731
"2279","40 W MADISON ST",41.882149,-87.629023
"228","2700 N KILBOURN AVE",41.929734,-87.739303
"2280","635 W MADISON ST",41.881702,-87.643603
"2281","300 W MADISON ST",41.882074,-87.635486
"2282","800 W MADISON ST",41.881829,-87.647446
"2283","1 N LA SALLE ST",41.88205,-87.63226
"229","5100 W BELMONT AVE",41.93885,-87.754434
"23","1420 N SPAULDING AVE",41.907037,-87.70953
"230","6301 S STONY ISLAND AVE",41.780552,-87.586385
"231","11201 S WALLACE ST",41.690387,-87.637283
"232","4501 S DREXEL BLVD",41.813055,-87.603816
"233","5101 S HARPER AVE",41.802303,-87.588956
"234","800 E 79TH ST",41.751353,-87.605131
"236","6300 W BARRY AVE",41.936641,-87.783687
"237","543 N WALLER AVE",41.889937,-87.76755
"238","4652 N KIMBALL AVE",41.965697,-87.713427
"239","6353 W 55TH ST",41.792204,-87.780761
"24","5857 W AUGUSTA BLVD",41.898257,-87.771908
"240","802 S SACRAMENTO BLVD",41.870897,-87.701036
"241","4301 W WABANSIA AVE",41.911515,-87.733841
"242","700 W GARFIELD BLVD",41.794399,-87.642824
"243","1157 S SACRAMENTO BLVD",41.867308,-87.700623
"245","8059 S RACINE AVE",41.747624,-87.653484
"246","204 N PINE AVE",41.884477,-87.763504
"248","3058 N CICERO AVE",41.936486,-87.746971
"25","10931 S RACINE AVE",41.695095,-87.652043
"2500","1400 W MADISON ST",41.881619,-87.662438
"2501","350 W MADISON ST",41.882004,-87.637145
"2502","1900 W MADISON ST",41.881467,-87.674407
"2503","1800 W MADISON ST",41.881501,-87.671975
"2504","1400 S LAKE SHORE DR E",41.865144,-87.617366
"2505","1400 S LAKE SHORE DR E",41.865144,-87.617366
"2506","98 S CANAL ST",41.880718,-87.639812
"2507","390 W MONROE ST",41.880697,-87.638409
"2507","390 W MONROE ST",41.880697,-87.638409
"2508","100 W MONROE ST",41.88079,-87.631001
"2509","301 E MONROE DR",41.88415,-87.632409
"251","1401 E 70TH ST",41.767701,-87.59084
"2510","298 W MONROE ST",41.880759,-87.635128
"2510","298 W MONROE ST",41.880759,-87.635128
"2511","100 S HALSTED ST",41.880441,-87.647377
"2512","100 S STATE ST",41.880668,-87.627843
"2513","351 W MONROE ST",41.880563,-87.637102
"2514","200 W MONROE ST",41.880775,-87.633944
"2515","1800 W MONROE ST",41.880156,-87.671774
"252","1201 E 72ND ST",41.764007,-87.595544
"253","1359 E 75TH ST",41.75857,-87.591479
"254","4301 W 84TH ST",41.740134,-87.729029
"258","3300 W CRYSTAL ST",41.90387,-87.709514
"259","2714 W HARRISON ST",41.87394,-87.694188
"260","5501 S SAWYER AVE",41.793307,-87.704582
"2600","435 W OAK ST",41.900309,-87.640353
"2601","137 W OAK ST",41.900431,-87.633009
"2602","990 N MICHIGAN AVE",41.90068,-87.624341
"2603","600 N DEARBORN ST",41.892544,-87.629789
"2604","599 N DESPLAINES ST",41.892214,-87.644259
"2605","300 E OHIO ST",41.892739,-87.619977
"2606","600 N FRANKLIN ST",41.892474,-87.635713
"2607","600 N LAKE SHORE DR",41.892779,-87.614609
"2608","600 N MICHIGAN AVE",41.892599,-87.624235
"2609","40 E OHIO ST",41.892629,-87.626447
"2610","630 N MICHIGAN AVE",41.893557,-87.624385
"2611","620 N ORLEANS ST",41.893193,-87.637151
"2612","620 N RUSH ST",41.893113,-87.625567
"2613","200 E ONTARIO ST",41.8935,-87.622459
"2613","200 E ONTARIO ST",41.8935,-87.622459
"2614","5 W ONTARIO ST",41.893149,-87.628424
"2615","200 W ONTARIO ST",41.893285,-87.634264
"2616","820 N MICHIGAN AVE",41.897493,-87.624894
"2617","50 E PEARSON ST",41.897677,-87.626609
"2618","800 S CANAL ST",41.871783,-87.639514
"2619","800 S DESPLAINES ST",41.871911,-87.643883
"2620","799 W POLK ST",41.871845,-87.646832
"2621","230 S FRANKLIN ST",41.878978,-87.635398
"2622","150 N CLARK ST",41.884264,-87.631096
"2623","540 W RANDOLPH ST",41.884498,-87.640999
"2624","280 E RANDOLPH ST",41.884651,-87.621035
"2625","50 W RANDOLPH ST",41.884572,-87.629627
"2626","630 W RANDOLPH ST",41.884496,-87.644323
"2627","800 W RANDOLPH ST",41.884562,-87.647597
"2628","150 W RANDOLPH ST",41.88457,-87.632593
"2629","407 W RANDOLPH ST",41.884361,-87.638596
"2630","50 E RANDOLPH ST",41.884554,-87.626111
"2631","360 W RANDOLPH ST",41.884614,-87.637385
"2632","300 W RANDOLPH ST",41.884565,-87.635536
"2633","490 W ROOSEVELT RD",41.867324,-87.639119
"2634","1200 S COLUMBUS DR",41.870353,-87.620722
"2635","600 W ROOSEVELT RD",41.867312,-87.642349
"2636","1200 S LAKE SHORE DR E",41.86517,-87.615542
"2637","308 W ROOSEVELT RD",41.867541,-87.635152
"2638","300 E SUPERIOR ST",41.895932,-87.619933
"2639","300 W SUPERIOR ST",41.895684,-87.635846
"2640","130 W SUPERIOR ST",41.895757,-87.632368
"2641","430 E SUPERIOR ST",41.895968,-87.617879
"2642","400 W SUPERIOR ST",41.89565,-87.638704
"2643","35 E SUPERIOR ST",41.895607,-87.626953
"2644","1000 S JEFFERSON ST",41.869641,-87.64232
"2645","1 E MONROE ST",41.880651,-87.62756
"2646","1 S MICHIGAN AVE",41.881974,-87.624027
"2647","10 N MICHIGAN AVE",41.882302,-87.624665
"2648","40 N MICHIGAN AVE",41.882576,-87.624672
"2649","60 N MICHIGAN AVE",41.882759,-87.624677
"2650","1 N MICHIGAN AVE",41.882233,-87.624052
"2651","1 E MONROE ST",41.880651,-87.62756
"2652","11 N MICHIGAN AVE",41.882323,-87.624004
"2653","55 N MICHIGAN AVE",41.882717,-87.624015
"2654","900 N HALSTED ST",41.899077,-87.64799
"2655","400 N MICHIGAN AVE",41.889401,-87.624349
"2656","400 N RUSH ST",41.889642,-87.625315
"2657","435 N COLUMBUS DR",41.890021,-87.62019
"27","32 W 95TH ST",41.72193,-87.625329
"2700","500 W VAN BUREN ST",41.876816,-87.63993
"2702","100 W VAN BUREN ST",41.876974,-87.630857
"2703","159 W VAN BUREN ST",41.876787,-87.632586
"2704","400 S FRANKLIN ST",41.876747,-87.635283
"2705","800 W VAN BUREN ST",41.876746,-87.647317
"2706","1 W VAN BUREN ST",41.876853,-87.627772
"2707","299 E WACKER DR",41.887788,-87.620822
"2708","40 W WACKER DR",41.887097,-87.629128
"2709","299 N FIELD BLVD",41.885015,-87.617399
"2710","299 W WACKER DR",41.886757,-87.635362
"2711","199 W WACKER DR",41.88668,-87.633826
"2712","330 N LAKE SHORE DR NB",41.88415,-87.632409
"2713","249 N STATE ST",41.886246,-87.627924
"2714","41 E WACKER DR",41.886689,-87.626994
"2715","200 W WACKER DR",41.887037,-87.634035
"2717","201 W WALTON ST",41.899662,-87.634478
"2718","500 W WASHINGTON BLVD",41.883314,-87.639926
"2719","400 W WASHINGTON ST",41.883289,-87.638635
"272","2406 N MARMORA AVE",41.924159,-87.773475
"2720","100 N CLARK ST",41.883306,-87.63097
"2721","40 W WASHINGTON ST",41.883362,-87.62904
"2722","800 W WASHINGTON BLVD",41.883234,-87.647543
"2723","150 W WASHINGTON ST",41.883345,-87.632558
"2724","100 N MICHIGAN AVE",41.883371,-87.624671
"2725","100 N STATE ST",41.883365,-87.628041
"2726","350 W WASHINGTON ST",41.883282,-87.637141
"2727","100 N WELLS ST",41.883293,-87.633948
"2728","200 W WASHINGTON ST",41.883304,-87.63401
"2729","199 W WENDELL ST",41.901243,-87.634278
"273","3558 W MC LEAN AVE",41.918347,-87.715734
"2730","400 N COLUMBUS DR",41.88966,-87.620506
"2731","401 N COLUMBUS DR",41.889646,-87.620348
"2732","380 N MICHIGAN AVE",41.888059,-87.624688
"2733","313 S DEARBORN ST",41.87792,-87.629084
"2734","312 S DEARBORN ST",41.877917,-87.629446
"2735","309 N LA SALLE ST",41.888043,-87.632309
"2736","320 N LA SALLE DR",41.888168,-87.632676
"2737","222 W MERCHANDISE MART PLZ",41.888117,-87.634643
"2738","222 W MERCHANDISE MART PLZ",41.888117,-87.634643
"2739","401 W LAKE ST",41.885701,-87.638743
"2740","400 W LAKE ST",41.885748,-87.638754
"2741","400 W MADISON ST",41.881957,-87.638846
"2742","401 W MADISON ST",41.881835,-87.638837
"2743","400 W MONROE ST",41.880633,-87.638801
"2744","401 W MONROE ST",41.880562,-87.638796
"2745","400 W VAN BUREN ST",41.876809,-87.636823
"2746","317 W HARRISON ST",41.874338,-87.6353
"2747","399 W CONGRESS PKWY",41.875119,-87.640379
"2748","300 W ROOSEVELT RD",41.867499,-87.634816
"2749","381 N MICHIGAN AVE",41.888042,-87.624388
"2750","259 N STATE ST",41.886415,-87.627833
"2751","258 N STATE ST",41.886409,-87.628095
"2752","341 N WABASH AVE",41.888362,-87.626975
"2753","340 N WABASH AVE",41.888304,-87.627205
"2754","526 E ILLINOIS ST",41.891265,-87.613318
"2755","364 N MICHIGAN AVE",41.887976,-87.624717
"2756","220 W WACKER DR",41.887141,-87.634301
"2757","128 S STATE ST",41.879993,-87.627838
"2758","312 S STATE ST",41.877946,-87.627862
"2759","608 S STATE ST",41.874223,-87.627837
"276","958 N ASHLAND AVE",41.899192,-87.667569
"2760","1167 S STATE ST",41.868082,-87.627193
"2761","138 W CERMAK RD",41.853035,-87.630782
"2762","142 W 35TH ST",41.831121,-87.630331
"2763","220 W 47TH ST",41.809242,-87.632219
"2764","220 W GARFIELD BLVD",41.794675,-87.631345
"2765","220 W 63RD ST",41.780111,-87.630941
"2766","15 W 69TH ST",41.769,-87.625759
"2767","15 W 79TH ST",41.750837,-87.626033
"2768","15 W 87TH ST",41.736171,-87.625734
"2769","15 W 95TH ST",41.72146,-87.625242
"277","5132 W CHICAGO AVE",41.895131,-87.75456
"2770","3200 W LAKE ST",41.884545,-87.706691
"2771","3525 S LEAVITT ST",41.829218,-87.67993
"2772","1909 N WESTERN AVE",41.916071,-87.687185
"2773","4699 N KIMBALL AVE",41.966326,-87.713108
"2774","4600 N KEDZIE AVE",41.964821,-87.708458
"2775","4699 N FRANCISCO AVE",41.966102,-87.700974
"2776","4664 N ROCKWELL ST",41.966218,-87.6939
"2777","4663 N WESTERN AVE",41.966476,-87.688728
"278","125 N CALIFORNIA AVE",41.883709,-87.696261
"2780","3355 W BELMONT AVE",41.93917,-87.71169
"2781","3285 W BELMONT AVE",41.939139,-87.709773
"2782","320 S STATE ST",41.877864,-87.627859
"2785","2188 S KOSTNER AVE",41.851765,-87.734671
"2786","2005 S PULASKI RD",41.853799,-87.724786
"2787","1915 S CENTRAL PARK AVE",41.853716,-87.714835
"2788","1944 S KEDZIE AVE",41.854904,-87.705519
"2789","2011 S CALIFORNIA AVE",41.854493,-87.695349
"279","8401 S KOLIN AVE",41.740005,-87.729913
"2790","2009 S WESTERN AVE",41.854651,-87.685532
"2791","2010 S DAMEN AVE",41.854748,-87.676075
"2792","1710 W 18TH ST",41.857887,-87.669098
"2793","1713 W POLK ST",41.871429,-87.669891
"2795","3355 W BELMONT AVE",41.93917,-87.71169
"2796","2610 N MILWAUKEE AVE",41.929564,-87.708504
"2797","1200 N MILWAUKEE AVE",41.903371,-87.666624
"2798","800 N MILWAUKEE AVE",41.896272,-87.655541
"2799","502 N MILWAUKEE AVE",41.891266,-87.647998
"28","204 W GARFIELD BLVD",41.79473,-87.630795
"2800","5100 S WASHTENAW AVE",41.800832,-87.691726
"2802","1600 S WOLCOTT AVE",41.859411,-87.67368
"2803","701 N SACRAMENTO BLVD",41.893492,-87.701579
"2804","12000 S PEORIA ST",41.675761,-87.644442
"2805","801 N ORLEANS ST",41.896591,-87.637129
"2806","5100 S GREENWOOD AVE",41.802189,-87.599966
"2807","1 W ROOSEVELT RD",41.867288,-87.627592
"2808","1599 W OGDEN AVE",41.880871,-87.666633
"2809","1600 W OGDEN AVE",41.880834,-87.666895
"281","6410 S ELLIS AVE",41.778483,-87.600587
"2810","658 N CLARK ST",41.894154,-87.631315
"282","300 N WALLER AVE",41.885846,-87.768489
"283","4532 W 83RD PL",41.741345,-87.734548
"285","9020 S ST LAWRENCE AVE",41.730484,-87.609676
"286","9100 S EBERHART AVE",41.729134,-87.61202
"287","3601 S WOLCOTT AVE",41.828387,-87.672583
"288","4800 S ASHLAND AVE",41.806592,-87.665091
"289","4500 S WOOD ST",41.811999,-87.670094
"29","6300 S ALBANY AVE",41.7788,-87.700862
"290","1834 W 47TH ST",41.808654,-87.671224
"2900","124 W LAKE ST",41.885877,-87.631716
"2901","127 N DEARBORN ST",41.883892,-87.629264
"2902","114 S DEARBORN ST",41.880445,-87.629514
"2903","314 S DEARBORN ST",41.877897,-87.629445
"2904","150 W CONGRESS PKWY",41.875759,-87.631567
"2905","426 S CLINTON ST",41.876459,-87.641187
"2906","1559 N CLYBOURN AVE",41.909868,-87.647856
"2907","1200 N CLARK ST",41.904118,-87.631654
"2908","800 N STATE ST",41.896735,-87.62826
"2909","521 N STATE ST",41.891485,-87.628004
"291","2902 W ADAMS ST",41.878451,-87.698951
"2910","188 N STATE ST",41.885393,-87.62812
"2911","128 N STATE ST",41.883934,-87.628077
"292","3502 W ARMITAGE AVE",41.91747,-87.713747
"294","4100 W CORTLAND ST",41.915401,-87.729085
"296","5000 S OAKLEY AVE",41.802852,-87.681969
"297","6901 S NORMAL BLVD",41.768753,-87.637045
"298","6501 S WOOD ST",41.775565,-87.668803
"3","5100 S WOOD ST",41.801061,-87.669813
"30","900 N LATROBE AVE",41.896943,-87.757046
"300","4458 S CICERO AVE",41.812053,-87.743541
"301","300 S PULASKI RD",41.876962,-87.725649
"302","2710 E 89TH ST",41.733781,-87.557793
"303","1850 S KEELER AVE",41.855941,-87.729939
"304","600 N HAMLIN AVE",41.891927,-87.721263
"305","6100 S COTTAGE GROVE AVE",41.783842,-87.606174
"306","7100 S PAXTON AVE",41.765936,-87.571581
"307","442 N LARAMIE AVE",41.888294,-87.755543
"308","101 W 115TH ST",41.685208,-87.625486
"309","11958 S MICHIGAN AVE",41.67674,-87.620646
"31","1825 W 51ST ST",41.801079,-87.670551
"310","1000 N HAMLIN AVE",41.899252,-87.721479
"311","1600 W HOWARD ST",42.019441,-87.671395
"312","958 W 59TH ST",41.78714,-87.649115
"313","6100 S DR MARTIN LUTHER KING JR DR",41.783663,-87.615896
"314","5600 W GRAND AVE",41.91874,-87.765442
"315","5359 W GRAND AVE",41.917556,-87.759963
"316","2201 N LONG AVE",41.92058,-87.760764
"317","5402 W GRAND AVE",41.91804,-87.761076
"318","2327 W JACKSON BLVD",41.877411,-87.684622
"319","3558 S CALIFORNIA AVE",41.828772,-87.694956
"32","5500 W MADISON ST",41.880383,-87.763368
"320","2859 W 25TH ST",41.846303,-87.696642
"321","7000 S WOOD ST",41.766473,-87.668904
"322","7058 S HERMITAGE AVE",41.765652,-87.667657
"323","6859 S ARTESIAN AVE",41.769085,-87.684416
"325","6859 S BISHOP ST",41.769382,-87.660124
"326","6858 S PAULINA ST",41.76929,-87.666541
"327","1234 W 91ST ST",41.728684,-87.654497
"328","3159 N BROADWAY",41.93935,-87.644115
"329","1459 N KINGSBURY ST",41.907766,-87.651305
"33","800 N HOMAN AVE",41.89564,-87.711522
"330","3359 W 37TH PL",41.825117,-87.708297
"331","2120 N BINGHAM ST",41.918919,-87.692274
"332","2703 W CORTEZ ST",41.900083,-87.694653
"333","8659 S CHAPPEL AVE",41.73784,-87.574327
"334","8700 S MERRILL AVE",41.736918,-87.572263
"335","3900 W 58TH ST",41.787927,-87.720822
"336","6000 S KEELER AVE",41.78386,-87.727955
"337","6858 S LOOMIS BLVD",41.769396,-87.659261
"338","2710 E 89TH ST",41.733781,-87.557793
"339","3299 W LAWRENCE AVE",41.96833,-87.710762
"34","4400 W MADISON ST",41.880742,-87.735718
"340","3533 W LAWRENCE AVE",41.968277,-87.717135
"341","6140 S MELVINA AVE",41.780658,-87.776651
"342","5625 S MOBILE AVE",41.79045,-87.779207
"343","4233 W 66TH ST",41.77312,-87.727479
"344","921 N CLEVELAND AVE",41.89929,-87.640535
"345","815 N CLEVELAND AVE",41.897386,-87.640376
"346","855 N MOHAWK ST",41.898266,-87.640999
"348","954 N CLEVELAND AVE",41.899593,-87.640829
"349","955 N MOHAWK ST",41.899587,-87.641072
"35","3654 W THOMAS ST",41.901041,-87.718168
"350","2901 S STATE ST",41.841683,-87.626483
"351","3000 S FEDERAL ST",41.83827,-87.628959
"352","2918 S FEDERAL ST",41.840871,-87.628908
"353","100 W 29TH ST",41.841341,-87.628656
"354","865 N CAMBRIDGE AVE",41.897923,-87.64174
"356","1800 S KEELER AVE",41.856749,-87.729963
"358","2700 W WARREN BLVD",41.882122,-87.694067
"359","1232 N KARLOV AVE",41.903667,-87.728924
"36","800 N CENTRAL PARK AVE",41.89569,-87.716476
"360","3801 W DIVISION ST",41.902595,-87.721545
"361","345 N AVERS AVE",41.886458,-87.7223
"362","1101 N CENTRAL PARK AVE",41.901092,-87.716325
"363","3534 W AUGUSTA BLVD",41.899233,-87.715382
"364","700 N RIDGEWAY AVE",41.893789,-87.720086
"365","2759 W MADISON ST",41.88094,-87.695258
"366","2100 W ADAMS ST",41.878772,-87.679165
"367","6100 N RAVENSWOOD AVE",41.991996,-87.675318
"368","10431 S LONGWOOD DR",41.704292,-87.670629
"369","11300 S HERMOSA AVE",41.688171,-87.668965
"370","617 E 41ST ST",41.820159,-87.611082
"371","232 S LARAMIE AVE",41.877399,-87.7551
"372","6158 S KIMBARK AVE",41.783123,-87.594882
"374","4659 S VINCENNES AVE",41.809943,-87.613636
"375","8301 S SAGINAW AVE",41.744346,-87.559845
"377","3659 W LAWRENCE AVE",41.968201,-87.719983
"378","1600 W PRATT BLVD",42.005431,-87.670029
"379","1059 W LAWRENCE AVE",41.968932,-87.656674
"38","4901 S DREXEL BLVD",41.805823,-87.603752
"380","6300 S ARTESIAN AVE",41.77904,-87.685052
"381","7700 S SOUTH CHICAGO AVE",41.754475,-87.589925
"382","2555 W LE MOYNE ST",41.908292,-87.691324
"383","501 S LOTUS AVE",41.873747,-87.761461
"384","7100 S JEFFERY BLVD",41.765955,-87.576375
"385","7000 S EAST END AVE",41.767731,-87.582976
"386","1346 N HUDSON AVE",41.90727,-87.639856
"387","3825 S CALIFORNIA AVE",41.823909,-87.694433
"388","3501 S GILES AVE",41.830704,-87.619119
"389","4159 S CALIFORNIA AVE",41.818453,-87.694334
"39","6201 S COTTAGE GROVE AVE",41.782034,-87.605765
"390","4501 S TALMAN AVE",41.811776,-87.690461
"391","100 N FRANCISCO AVE",41.883,-87.698924
"392","6458 S PULASKI RD",41.775703,-87.722855
"395","4115 W 56TH PL",41.790311,-87.726069
"396","6900 S INDIANA AVE",41.769116,-87.620305
"397","5001 N PULASKI RD",41.971933,-87.728053
"398","132 S FRANCISCO AVE",41.879088,-87.698793
"399","1801 S LOOMIS ST",41.857841,-87.661275
"4","4300 W FULLERTON AVE",41.924508,-87.734259
"40","100 S SPRINGFIELD AVE",41.879675,-87.723286
"400","5200 W FULTON ST",41.885729,-87.755422
"401","5300 W FULTON ST",41.885692,-87.757854
"402","162 N LARAMIE AVE",41.884109,-87.755394
"403","10343 S CHURCH ST",41.705962,-87.659812
"404","1500 W 102ND PL",41.70743,-87.660078
"405","1805 W 91ST PL",41.728277,-87.668122
"406","2459 W LEXINGTON ST",41.871914,-87.687597
"407","6201 S LAFLIN ST",41.781136,-87.661634
"409","7500 N HOYNE AVE",42.018098,-87.683143
"41","401 S CENTRAL AVE",41.874614,-87.76456
"410","1558 W JONQUIL TER",42.021321,-87.670021
"411","10001 S WALLACE ST",41.712245,-87.637924
"412","11601 S PRAIRIE AVE",41.682477,-87.616583
"413","10801 S WABASH AVE",41.697875,-87.621883
"414","10645 S EDBROOKE AVE",41.70107,-87.619463
"415","13401 S INDIANA AVE",41.651717,-87.617132
"416","10667 S CHAMPLAIN AVE",41.700528,-87.607185
"417","9401 S BURNSIDE AVE",41.723097,-87.606798
"418","501 E 103RD ST",41.707278,-87.611162
"419","11102 S INDIANA AVE",41.692434,-87.618447
"42","11700 S LA SALLE ST",41.68141,-87.626592
"420","328 E 119TH ST",41.678204,-87.615281
"421","10301 S MICHIGAN AVE",41.70711,-87.62009
"422","11100 S MICHIGAN AVE",41.692502,-87.621151
"423","10501 S MICHIGAN AVE",41.703117,-87.62049
"424","11160 S VERNON AVE",41.691608,-87.612294
"425","200 W 127TH ST",41.663479,-87.627131
"426","2801 W AUGUSTA BLVD",41.899178,-87.696957
"427","1901 S ALLPORT ST",41.855923,-87.657384
"428","1629 S LOOMIS ST",41.859387,-87.661162
"429","4602 N SHERIDAN RD",41.965543,-87.654918
"43","6300 S DR MARTIN LUTHER KING JR DR",41.78014,-87.615691
"430","2426 W 71ST ST",41.764777,-87.684286
"431","3502 W CARROLL AVE",41.887535,-87.713807
"433","4159 W JACKSON BLVD",41.876908,-87.729393
"434","1301 S FAIRFIELD AVE",41.864378,-87.694369
"435","4102 W MAYPOLE AVE",41.884782,-87.728516
"437","1855 N KEDVALE AVE",41.914287,-87.729934
"438","4259 S COTTAGE GROVE AVE",41.817553,-87.606508
"439","2860 W 21ST ST",41.853851,-87.697642
"44","234 N HOMAN AVE",41.885617,-87.711314
"440","2600 W AUGUSTA BLVD",41.899443,-87.692135
"441","7001 W 59TH ST",41.784712,-87.796294
"442","5003 W 49TH ST",41.803772,-87.748324
"443","5200 S LINDER AVE",41.798049,-87.760164
"445","6101 S NATOMA AVE",41.781057,-87.787284
"446","421 N LAVERGNE AVE",41.888446,-87.750301
"447","4859 W ERIE ST",41.892108,-87.747107
"448","4859 W HUBBARD ST",41.888543,-87.746965
"449","4956 W BELLE PLAINE AVE",41.955311,-87.751483
"45","7658 S EXCHANGE AVE",41.756308,-87.557467
"450","1601 S DRAKE AVE",41.858804,-87.713782
"451","2010 N AVERS AVE",41.917543,-87.723051
"452","4101 W ARMITAGE AVE",41.917057,-87.729152
"454","4200 W NORTH AVE",41.909905,-87.731532
"455","3832 W DIVERSEY AVE",41.931939,-87.723448
"456","10800 S BUFFALO AVE",41.698953,-87.543942
"457","9100 S BURLEY AVE",41.729932,-87.545796
"458","10401 S AVENUE M",41.706183,-87.5375
"459","6340 S CICERO AVE",41.777604,-87.742378
"46","660 W DIVISION ST",41.903758,-87.645271
"460","7101 S SPRINGFIELD AVE",41.763945,-87.719732
"461","5210 W 64TH ST",41.776118,-87.751116
"462","5799 S KOSTNER AVE",41.787872,-87.732607
"464","1400 W CULLERTON ST",41.855272,-87.661462
"465","2300 S OAKLEY AVE",41.850124,-87.683258
"466","2220 W COULTER ST",41.847439,-87.681382
"468","2328 W TAYLOR ST",41.869069,-87.684717
"469","1834 S THROOP ST",41.856857,-87.658978
"47","1240 N LARRABEE ST",41.904075,-87.643408
"470","4800 W JACKSON BLVD",41.876919,-87.74557
"472","2200 S ARCHER AVE",41.852873,-87.635024
"473","2429 S STEWART AVE",41.848786,-87.636505
"475","5300 W HURON ST",41.893082,-87.758125
"476","200 N KARLOV AVE",41.883495,-87.728352
"477","1100 S CALIFORNIA AVE",41.86815,-87.696106
"478","6030 N PAULINA ST",41.991485,-87.671957
"479","1300 S HEATH AVE",41.864702,-87.684488
"48","941 N CAMBRIDGE AVE",41.899186,-87.64181
"480","1059 N KEYSTONE AVE",41.900039,-87.727247
"481","600 N MONTICELLO AVE",41.891958,-87.717595
"482","1060 N AVERS AVE",41.900127,-87.722725
"483","1112 N HARDING AVE",41.901226,-87.72521
"484","3731 W FERDINAND ST",41.889803,-87.719953
"485","2658 W 23RD ST",41.850262,-87.691906
"486","855 N MONTICELLO AVE",41.89646,-87.71737
"487","301 N FRANCISCO AVE",41.886641,-87.698751
"488","901 N PULASKI RD",41.89739,-87.725953
"489","134 N PAULINA ST",41.884372,-87.669552
"49","920 N HUDSON AVE",41.899131,-87.64006
"490","2001 N SEMINARY AVE",41.918263,-87.655561
"491","2059 N HOWE ST",41.919271,-87.644655
"492","204 W GOETHE ST",41.905849,-87.634792
"493","6123 N RAVENSWOOD AVE",41.99276,-87.674672
"494","5732 N SPAULDING AVE",41.985411,-87.711555
"495","4600 N MAGNOLIA AVE",41.965538,-87.661115
"496","4927 W WEST END AVE",41.88296,-87.748452
"497","1200 N SPRINGFIELD AVE",41.902867,-87.724027
"498","1159 S WABASH AVE",41.86822,-87.625657
"499","2520 W 103RD ST",41.70653,-87.685016
"5","1201 N CENTRAL AVE",41.902211,-87.765596
"50","1231 N BURLING ST",41.904013,-87.647909
"500","5000 N TROY ST",41.972299,-87.707526
"502","258 E 14TH ST",41.864288,-87.620713
"503","5061 N PULASKI RD",41.97303,-87.728058
"504","2440 W 36TH ST",41.82857,-87.686685
"505","2055 N KILPATRICK AVE",41.918216,-87.74355
"506","4024 W GLENLAKE AVE",41.992111,-87.729579
"507","5100 S GREENWOOD AVE",41.802189,-87.599966
"509","3600 N CLARK ST",41.947222,-87.656587
"51","639 E 131ST ST",41.65713,-87.604852
"510","3601 N SHEFFIELD AVE",41.947433,-87.654054
"511","841 W BELMONT AVE",41.93978,-87.651013
"512","6300 S WENTWORTH AVE",41.7799,-87.630241
"513","5300 S SHIELDS AVE",41.79779,-87.634481
"514","200 N LAFLIN ST",41.885496,-87.664409
"515","3200 W MAYPOLE AVE",41.883748,-87.706716
"516","7831 S WESTERN AVE",41.75134,-87.682702
"518","8101 S STONY ISLAND AVE",41.747644,-87.585273
"519","9132 S STONY ISLAND AVE",41.729013,-87.585637
"52","1358 W WASHBURNE AVE",41.866227,-87.660476
"520","9133 S STONY ISLAND AVE",41.72858,-87.584898
"521","9211 S STONY ISLAND AVE",41.727446,-87.584884
"522","2100 N KEELER AVE",41.919125,-87.731675
"524","2059 N KILDARE AVE",41.918215,-87.733736
"525","2300 W 50TH PL",41.802177,-87.682023
"53","1333 S THROOP ST",41.864152,-87.658875
"531","858 E 104TH ST",41.705776,-87.603272
"533","7201 S INGLESIDE AVE",41.764017,-87.601801
"536","5826 W FULTON ST",41.885785,-87.770568
"538","5200 S PAULINA ST",41.799262,-87.667325
"539","1301 W 52ND ST",41.799505,-87.657578
"54","1216 S LAFLIN ST",41.86666,-87.664158
"540","4196 S ARCHER AVE",41.817281,-87.699313
"541","4859 W FERDINAND ST",41.889408,-87.747002
"542","1302 W 103RD ST",41.706863,-87.656119
"544","5100 N SHERIDAN RD",41.975393,-87.655112
"546","4258 W VAN BUREN ST",41.875333,-87.731782
"55","1326 W 13TH ST",41.865325,-87.65984
"57","4000 S PRAIRIE AVE",41.821828,-87.620099
"58","2159 W MAYPOLE AVE",41.883804,-87.680543
"59","1100 W WINONA ST",41.975338,-87.657824
"6","6501 S OAKLEY AVE",41.775415,-87.680793
"60","4259 S CICERO AVE",41.815555,-87.743104
"601","4658 W GLADYS AVE",41.876107,-87.741725
"602","2601 W DEVON AVE",41.997576,-87.6949
"603","2229 W DEVON AVE",41.997721,-87.686063
"604","1801 W GRANVILLE AVE",41.994223,-87.675591
"605","7101 S RHODES AVE",41.765582,-87.611444
"606","260 W 95TH ST",41.721839,-87.630542
"607","5800 S CALUMET AVE",41.789122,-87.617626
"609","731 W 66TH ST",41.774171,-87.643231
"610","1503 S KOSTNER AVE",41.86032,-87.734582
"611","5800 W WASHINGTON BLVD",41.882305,-87.770038
"612","5001 S PRINCETON AVE",41.803445,-87.633052
"613","2659 E 87TH ST",41.73715,-87.558972
"614","6800 N SHERIDAN RD",42.005711,-87.661126
"615","3345 W FILLMORE ST",41.868052,-87.709264
"616","6600 S RHODES AVE",41.774648,-87.612061
"617","8648 S HALSTED ST",41.73712,-87.643882
"618","1899 N MOZART ST",41.915482,-87.697994
"619","1458 N LOTUS AVE",41.906836,-87.762234
"62","2400 S DEARBORN ST",41.84903,-87.628369
"620","6401 S MARSHFIELD AVE",41.777429,-87.665252
"621","4000 S ALBANY AVE",41.820725,-87.702106
"622","1399 N WASHTENAW AVE",41.906496,-87.694351
"623","3401 W SUNNYSIDE AVE",41.962856,-87.71331
"624","3958 W DIVISION ST",41.902851,-87.725546
"625","1002 N PULASKI RD",41.899242,-87.726358
"626","627 N CICERO AVE",41.892105,-87.745533
"627","6700 S BLACKSTONE AVE",41.773188,-87.588885
"628","1600 W GARFIELD BLVD",41.794107,-87.664755
"629","7200 S ASHLAND AVE",41.762983,-87.66385
"63","2330 S STATE ST",41.849931,-87.627111
"630","6300 S FRANCISCO AVE",41.778887,-87.695995
"631","6300 S WHIPPLE ST",41.778817,-87.699662
"632","1202 N KEELER AVE",41.902777,-87.731352
"633","1200 S SPRINGFIELD AVE",41.866007,-87.722883
"634","5817 W NORTH AVE",41.90923,-87.771323
"635","900 N AVERS AVE",41.897415,-87.722636
"636","6900 S HALSTED ST",41.768622,-87.644675
"637","1201 S UNION AVE",41.866581,-87.644978
"638","1000 N MONTICELLO AVE",41.899283,-87.717817
"639","1158 N MASON AVE",41.901244,-87.774268
"64","13064 S EVANS AVE",41.657784,-87.603578
"640","3899 W GRENSHAW ST",41.866989,-87.722456
"641","2033 E 93RD ST",41.726015,-87.574042
"642","6701 S LANGLEY AVE",41.772906,-87.608023
"643","7101 S GREEN ST",41.764994,-87.645433
"644","7101 S EUCLID AVE",41.765853,-87.577936
"645","6500 S COTTAGE GROVE AVE",41.776572,-87.606016
"646","2001 E 73RD ST",41.76242,-87.576061
"647","1300 S SAWYER AVE",41.864381,-87.706993
"648","1501 S CHRISTIANA AVE",41.860685,-87.708954
"649","5258 W MADISON ST",41.880541,-87.7568
"65","659 E 131ST ST",41.657155,-87.604451
"650","6401 S LOWE AVE",41.777776,-87.640633
"651","2300 W WARREN BLVD",41.882242,-87.684265
"652","801 N HAMLIN AVE",41.895638,-87.721005
"653","764 E 131ST ST",41.657327,-87.601596
"654","5100 S INDIANA AVE",41.801773,-87.621211
"655","1005 E 132ND ST",41.655626,-87.596508
"656","705 E 133RD ST",41.654157,-87.604639
"657","6000 S ELIZABETH ST",41.784849,-87.656035
"658","6029 S JUSTINE ST",41.784342,-87.662932
"659","6833 S PERRY AVE",41.770232,-87.628123
"66","2901 S QUINN ST",41.840674,-87.650142
"660","5500 S WASHTENAW AVE",41.793521,-87.691525
"661","700 S CENTRAL PARK AVE",41.872542,-87.715728
"662","5700 S THROOP ST",41.790281,-87.657384
"663","4857 W CHICAGO AVE",41.894851,-87.747195
"664","2258 S MARSHALL BLVD",41.85079,-87.699229
"665","6944 N GLENWOOD AVE",42.008068,-87.666337
"666","7100 S VINCENNES AVE",41.765439,-87.628014
"667","6601 S HERMITAGE AVE",41.773769,-87.66754
"668","2400 N TRIPP AVE",41.924595,-87.733066
"669","2827 W 63RD ST",41.778983,-87.694371
"67","4400 S LAMON AVE",41.812922,-87.745991
"670","3700 W DIVISION ST",41.902799,-87.719142
"671","8749 S LOWE AVE",41.7351,-87.639739
"672","801 S CALIFORNIA AVE",41.870955,-87.69592
"673","8200 S ELLIS AVE",41.745643,-87.600354
"675","11900 S STATE ST",41.677917,-87.622732
"676","1200 S HALSTED ST",41.867073,-87.64697
"677","6315 S ASHLAND AVE",41.779202,-87.664043
"678","8001 S COLES AVE",41.749953,-87.549044
"679","5602 W CORCORAN PL",41.887395,-87.765369
"68","2701 S STATE ST",41.844217,-87.626631
"680","8855 S WALLACE ST",41.733382,-87.638482
"682","5100 W CHICAGO AVE",41.895047,-87.753309
"683","5500 W THOMAS ST",41.900459,-87.763924
"684","5440 W CORTEZ ST",41.899582,-87.762024
"685","8301 S KEDZIE AVE",41.742407,-87.702105
"686","4200 W CRYSTAL ST",41.90362,-87.731491
"687","758 N PARKSIDE AVE",41.89401,-87.766783
"688","5628 S SHIELDS AVE",41.791542,-87.634259
"689","6800 S PRAIRIE AVE",41.770873,-87.618794
"69","2710 S DEARBORN ST",41.844666,-87.628214
"690","7900 S INGLESIDE AVE",41.751111,-87.601723
"691","6100 S ELLIS AVE",41.783899,-87.601322
"692","7401 S STEWART AVE",41.759707,-87.634342
"693","4001 E 134TH ST",41.65148,-87.527631
"695","10758 S STATE LINE RD",41.699828,-87.524705
"696","10037 S EWING AVE",41.712454,-87.535098
"697","7500 S VINCENNES AVE",41.758092,-87.631457
"699","4534 S GREENWOOD AVE",41.81257,-87.599474
"7","3159 E 93RD ST",41.72627,-87.547495
"70","400 W EVERGREEN AVE",41.906608,-87.638588
"700","5600 W MADISON ST",41.880373,-87.765032
"701","5246 W GRAND AVE",41.917279,-87.757277
"702","100 S SPAULDING AVE",41.879489,-87.708583
"703","1 S SPAULDING AVE",41.88081,-87.708321
"704","3180 W MADISON ST",41.881125,-87.705493
"705","3358 W MADISON ST",41.881067,-87.709912
"706","3200 W JACKSON BLVD",41.877461,-87.706276
"707","4000 W CHICAGO AVE",41.89544,-87.726131
"708","3959 W CHICAGO AVE",41.89527,-87.725338
"709","4100 W CHICAGO AVE",41.89543,-87.728688
"71","4300 S ROCKWELL ST",41.815412,-87.689695
"710","3900 W CHICAGO AVE",41.895535,-87.723775
"711","700 N PULASKI RD",41.893713,-87.726213
"712","3132 N LECLAIRE AVE",41.937919,-87.754344
"713","3259 N LARAMIE AVE",41.939988,-87.756545
"714","3301 N LAVERGNE AVE",41.940703,-87.751709
"715","5001 W BELMONT AVE",41.938631,-87.75204
"716","3159 N CICERO AVE",41.938075,-87.746725
"717","1132 N WESTERN AVE",41.902154,-87.687082
"718","2600 W DIVISION ST",41.903091,-87.692247
"719","2259 W DIVISION ST",41.902879,-87.683535
"72","1834 S LAFLIN ST",41.856784,-87.663868
"720","3822 W 79TH ST",41.749758,-87.719119
"721","1559 W DIVISION ST",41.903226,-87.66695
"722","800 N ASHLAND AVE",41.896143,-87.66739
"723","1034 N ASHLAND AVE",41.900776,-87.667624
"724","3101 N NARRAGANSETT AVE",41.936598,-87.78575
"725","3201 N AUSTIN AVE",41.938505,-87.776124
"726","6301 W BELMONT AVE",41.938221,-87.783673
"727","3058 N AUSTIN AVE",41.936078,-87.776312
"728","2958 N MOBILE AVE",41.933611,-87.783515
"729","3052 S KOSTNER AVE",41.837063,-87.734097
"73","4659 S INDIANA AVE",41.810094,-87.621044
"730","4223 W 31ST ST",41.836693,-87.729937
"731","4157 W 31ST ST",41.836659,-87.728467
"732","4030 W 31ST ST",41.836948,-87.725696
"733","2047 S BLUE ISLAND AVE",41.854492,-87.663801
"734","2159 S ASHLAND AVE",41.852791,-87.665966
"735","2132 S LOOMIS ST",41.853181,-87.6613
"736","2133 S ASHLAND AVE",41.853092,-87.665904
"737","2101 S ASHLAND AVE",41.854008,-87.665942
"738","2230 W JACKSON BLVD",41.877667,-87.682563
"739","2258 W MONROE ST",41.880022,-87.683092
"74","142 W 95TH ST",41.72187,-87.627731
"740","400 S OAKLEY BLVD",41.876,-87.683966
"741","2159 W ADAMS ST",41.878521,-87.680765
"742","1302 S ALBANY AVE",41.864397,-87.703243
"743","3059 W DOUGLAS DR",41.862442,-87.702787
"744","1358 S SACRAMENTO DR",41.863563,-87.702266
"745","3201 W DOUGLAS BLVD",41.862417,-87.705692
"746","3539 W CERMAK RD",41.851489,-87.714033
"747","3258 W 23RD ST",41.85006,-87.70693
"748","3332 W 23RD ST",41.850041,-87.709275
"749","3413 W CERMAK RD",41.851557,-87.710533
"75","8901 S BURLEY AVE",41.733615,-87.545552
"750","2401 S CHRISTIANA AVE",41.847906,-87.708601
"751","4458 W WRIGHTWOOD AVE",41.928773,-87.738104
"752","4330 W WRIGHTWOOD AVE",41.928143,-87.73496
"753","4358 W ALTGELD ST",41.92633,-87.735936
"754","2531 N LOWELL AVE",41.926829,-87.735236
"755","1957 N KOSTNER AVE",41.91624,-87.73609
"756","2454 N LOWELL AVE",41.925361,-87.735561
"757","4232 W WABANSIA AVE",41.911723,-87.732653
"758","1658 N KOSTNER AVE",41.910865,-87.736289
"759","4342 W NORTH AVE",41.909884,-87.735678
"76","5859 S WABASH AVE",41.788172,-87.62373
"760","1654 N LOWELL AVE",41.910755,-87.735087
"761","3751 W 79TH ST",41.74941,-87.716374
"762","4100 W 79TH ST",41.74957,-87.724035
"763","8000 S SPRINGFIELD AVE",41.747592,-87.719521
"764","5257 S PULASKI RD",41.797184,-87.723082
"765","7905 S PULASKI RD",41.74925,-87.721732
"766","5601 S WASHTENAW AVE",41.791709,-87.691122
"767","2640 W 57TH ST",41.790249,-87.689738
"768","5701 S ROCKWELL ST",41.789935,-87.688633
"769","2556 W 59TH ST",41.786626,-87.68801
"77","5600 W WEST END AVE",41.884353,-87.765196
"770","5601 S FAIRFIELD AVE",41.791689,-87.692342
"771","3855 W 63RD ST",41.778579,-87.719158
"772","5600 S NARRAGANSETT AVE",41.790311,-87.781904
"773","3901 W 62ND ST",41.780394,-87.720545
"774","6325 S HAMLIN AVE",41.778018,-87.717661
"775","4015 W 56TH ST",41.791259,-87.723513
"776","4005 W 51ST ST",41.800357,-87.723675
"777","5160 S PULASKI RD",41.799427,-87.723512
"778","4021 W 55TH ST",41.793088,-87.723959
"779","4006 W 55TH ST",41.79335,-87.72344
"78","6558 S DAMEN AVE",41.774657,-87.673957
"780","5700 S NARRAGANSETT AVE",41.788582,-87.781788
"781","5450 S MULLIGAN AVE",41.793455,-87.780789
"782","5559 S MOBILE AVE",41.791335,-87.779124
"783","5601 S KARLOV AVE",41.791248,-87.725443
"784","5601 S WESTERN AVE",41.791863,-87.683813
"785","3700 W 79TH ST",41.749787,-87.714763
"786","4900 S ARCHER AVE",41.804184,-87.720638
"787","3202 N LARAMIE AVE",41.9388,-87.756791
"788","4401 W DIVERSEY AVE",41.931584,-87.736949
"789","801 N PAULINA ST",41.896192,-87.669571
"79","1101 E 93RD ST",41.72571,-87.59715
"790","2359 W POTOMAC AVE",41.904721,-87.686375
"791","1300 N CLAREMONT AVE",41.905776,-87.686055
"792","1700 N KEYSTONE AVE",41.912064,-87.727792
"793","1759 W 21ST PL",41.853044,-87.669907
"794","2759 N NARRAGANSETT AVE",41.930144,-87.785503
"795","2402 W THOMAS ST",41.901341,-87.687268
"796","3359 W 23RD ST",41.84977,-87.709525
"797","3200 W 15TH ST",41.861009,-87.705681
"798","3923 W 51ST ST",41.80044,-87.721237
"799","6241 S HAMLIN AVE",41.779446,-87.717692
"8","12301 S HALSTED ST",41.670326,-87.641423
"80","501 W 65TH ST",41.776152,-87.636994
"800","1740 N KILDARE AVE",41.912488,-87.733898
"801","3458 S STATE ST",41.831825,-87.626825
"802","3458 S STATE ST",41.831825,-87.626825
"803","1521 S MUSEUM CAMPUS DR",41.859353,-87.613966
"804","1521 S MUSEUM CAMPUS DR",41.859353,-87.613966
"805","1599 S MUSEUM CAMPUS DR",41.859353,-87.613966
"806","1400 S MUSEUM CAMPUS DR",41.864847,-87.614276
"807","1500 S MUSEUM CAMPUS DR",41.86177,-87.614759
"808","9648 S CALUMET RIVER",41.719137,-87.615455
"809","12600 S CALUMET RIVER",41.67553,-87.615359
"81","2431 E 75TH ST",41.758943,-87.564627
"810","3700 W CONGRESS PKWY",41.874631,-87.717118
"811","3700 W CONGRESS PKWY",41.874631,-87.717118
"816","10300 S ABERDEEN ST",41.706736,-87.65022
"817","10300 S ELIZABETH ST",41.706439,-87.653822
"818","11100 S NORMAL AVE",41.692242,-87.635312
"819","7500 S CONSTANCE AVE",41.758622,-87.579983
"82","5302 W NORTH AVE",41.909579,-87.758225
"820","7625 S CONSTANCE AVE",41.756473,-87.579557
"821","7600 S EUCLID AVE",41.756832,-87.577494
"822","7601 S CONSTANCE AVE",41.756825,-87.579564
"823","7558 S JEFFERY BLVD",41.757827,-87.576292
"824","7500 S JEFFERY BLVD",41.758672,-87.576306
"825","11100 S WALLACE ST",41.692209,-87.637703
"826","10300 S COTTAGE GROVE AVE",41.707383,-87.606609
"827","2550 N KOSTNER AVE",41.927713,-87.736872
"828","2532 W 51ST ST",41.801185,-87.688076
"829","5590 S RUSSELL DR",41.790914,-87.614744
"83","3731 W 16TH ST",41.858825,-87.71901
"830","4659 S DR MARTIN LUTHER KING JR DR",41.81008,-87.616134
"831","5200 S ELLSWORTH DR",41.88415,-87.632409
"832","6400 S ROCKWELL ST",41.777089,-87.688654
"833","5700 S PEORIA ST",41.790419,-87.647643
"834","2200 S KIRKLAND AVE",41.851009,-87.73358
"835","5300 W WABANSIA AVE",41.911405,-87.758326
"836","1200 S LAWNDALE AVE",41.866077,-87.718004
"837","7900 S RIDGELAND AVE",41.751333,-87.581846
"838","5235 W NORTH AVE",41.909386,-87.757014
"839","700 N LAVERGNE AVE",41.893212,-87.750748
"840","3800 W ARMITAGE AVE",41.917309,-87.721796
"841","11458 S YALE AVE",41.686061,-87.629074
"842","11900 S PERRY AVE",41.677806,-87.62529
"843","3400 N LARAMIE AVE",41.942445,-87.756937
"845","3000 W WALNUT ST",41.885573,-87.701567
"846","2000 S MICHIGAN AVE",41.855338,-87.624014
"847","7600 S HALSTED ST",41.755985,-87.644295
"848","7100 S NORMAL BLVD",41.765128,-87.637284
"849","8751 S GENOA AVE",41.735018,-87.644219
"85","1901 S LAWNDALE AVE",41.854926,-87.717381
"850","4100 W WABANSIA AVE",41.911771,-87.728966
"851","1401 W 63RD ST",41.779447,-87.659522
"853","9057 S HOUSTON AVE",41.730898,-87.549666
"854","2533 E 87TH ST",41.73714,-87.562218
"855","8601 S COLFAX AVE",41.738893,-87.560975
"857","7904 S MARYLAND AVE",41.751034,-87.604142
"86","2656 W POTOMAC AVE",41.904923,-87.693368
"860","6901 S ASHLAND AVE",41.768343,-87.663703
"861","10300 S DOTY AVE E",41.70114,-87.594149
"863","7610 N BOSWORTH AVE",42.019696,-87.669656
"864","2833 W DIVISION ST",41.902794,-87.698287
"87","1658 W 79TH ST",41.750456,-87.665162
"871","4200 W AUGUSTA BLVD",41.899061,-87.731369
"872","2758 N HOYNE AVE",41.931483,-87.678642
"873","600 E 67TH ST",41.773146,-87.610469
"874","6901 S WESTERN AVE",41.768137,-87.683154
"875","7858 S DREXEL AVE",41.752091,-87.602956
"876","4001 S ARTESIAN AVE",41.820709,-87.68586
"877","364 W OAK ST",41.900616,-87.638323
"878","4502 N CLARENDON AVE",41.963811,-87.650139
"879","4700 S WESTERN AVE",41.808364,-87.684475
"88","5133 W NORTH AVE",41.909464,-87.754788
"880","50 E 95TH ST",41.721899,-87.621837
"881","11100 S HALSTED ST",41.692159,-87.642622
"882","700 N CHRISTIANA AVE",41.893879,-87.710335
"883","9300 S MARQUETTE AVE",41.72614,-87.558223
"884","201 E GARFIELD BLVD",41.79431,-87.620662
"885","10400 S STATE ST",41.705217,-87.623579
"886","4041 E 112TH ST",41.691673,-87.525539
"887","2143 S HOMAN AVE",41.852974,-87.709961
"888","1024 W 18TH PL",41.857466,-87.652035
"889","1158 N LECLAIRE AVE",41.901487,-87.753497
"89","5500 W WASHINGTON BLVD",41.882345,-87.763381
"890","5724 N NORTHWEST HWY",41.985384,-87.786975
"891","3602 N WESTERN AVE",41.94681,-87.688349
"892","424 E PERSHING RD",41.823977,-87.615741
"893","3900 S INDIANA AVE",41.823579,-87.621775
"894","3800 S PRAIRIE AVE",41.825392,-87.620595
"895","4658 N CENTRAL PARK AVE",41.965741,-87.718334
"896","5202 N KIMBALL AVE",41.97594,-87.713687
"897","3602 N KILBOURN AVE",41.946331,-87.739536
"898","1600 W IRVING PARK RD",41.954357,-87.669186
"899","1301 N LUIS MUNOZ MARIN DR E",41.904696,-87.705522
"9","4758 S WINCHESTER AVE",41.807476,-87.673615
"90","1156 W 19TH ST",41.856731,-87.65532
"900","4880 W WABANSIA AVE",41.91156,-87.748399
"901","7600 N PAULINA ST",42.019574,-87.673259
"902","3112 S WESTERN AVE",41.836326,-87.684821
"91","5301 S JUSTINE ST",41.797477,-87.663284
"92","158 W 103RD ST",41.707256,-87.627618
"93","8801 S PRINCETON AVE",41.734192,-87.631704
"94","1957 W HOWARD ST",42.019303,-87.679662
"95","736 S FRANCISCO AVE",41.871774,-87.698646
"96","2600 W 71ST ST",41.764718,-87.688316
"97","1159 W 87TH ST",41.735857,-87.652973
"98","5659 S ABERDEEN ST",41.791335,-87.652191
"99","8424 S BAKER AVE",41.741838,-87.547522
"OEMC005","44 E WACKER DR",41.887272,-87.626624
"OEMC011","4500 S UNION AVE",41.812341,-87.643392
"OEMC013","3600 W DOUGLAS BLVD",41.862953,-87.715462
"OEMC014","3058 W DOUGLAS DR N",41.863106,-87.702792
"OEMC026","500 N MICHIGAN AVE",41.891016,-87.62424
"OEMC027","658 N MICHIGAN AVE",41.894262,-87.624355
"OEMC028","801 N MICHIGAN AVE",41.896794,-87.624149
"OEMC029","301 S MICHIGAN AVE",41.878135,-87.624037
"OEMC030","501 S MICHIGAN AVE",41.875595,-87.624129
"OEMC031","101 S COLUMBUS DR",41.88089,-87.620759
"OEMC032","300 S COLUMBUS DR",41.878271,-87.620824
"OEMC033","300 S STATE ST",41.878069,-87.627833
"OEMC034","150 N STATE ST",41.884571,-87.628
"OEMC035","201 N MICHIGAN AVE",41.885823,-87.624454
"OEMC036","601 N MICHIGAN AVE",41.892591,-87.624117
"OEMC037","733 N MICHIGAN AVE",41.895794,-87.624194
"OEMC038","900 N MICHIGAN AVE",41.899301,-87.624236
"OEMC039","101 N MICHIGAN AVE",41.883379,-87.624059
"OEMC040","151 N MICHIGAN AVE",41.88439,-87.624198
"OEMC041","150 N COLUMBUS DR",41.884666,-87.620792
"OEMC042","2401 S STATE ST",41.849141,-87.626894
"OEMC043","2301 S STATE ST",41.85093,-87.626895
"OEMC044","3301 S STATE ST",41.834634,-87.626472
"OEMC049","2201 S STATE ST",41.85276,-87.62704
"OEMC050","2601 S STATE ST",41.845446,-87.62663
"OEMC051","3101 S STATE ST",41.838253,-87.626536
"OEMC052","3501 S STATE ST",41.830939,-87.62638